NG Location Name,NG Address,NG Address Line 1,NG City,NG ZIP,NG State
Timber Ridge At Talus,"100 Timber Ridge Way Ne Issaquah, WA 98027",100 Timber Ridge Way Ne,Issaquah,98027,WA
Briarwood Health Center At Timber Ridge,"100 Timber Ridge Way NW Issaquah, WA 98027",100 Timber Ridge Way NW,Issaquah,98027,WA
Ear Nose Throat And Allergy Associates,"104 27th Ave SE Puyallup, WA 98374",104 27th Ave SE,Puyallup,98374,WA
Hillside Surgery Center,"104 27th Ave SE Puyallup, WA 98374",104 27th Ave SE,Puyallup,98374,WA
Seattle Home Health Care Service,"115 NE 100th St Seattle, WA 98125",115 NE 100th St,Seattle,98125,WA
Peace Health Ketchikan Home Health,"126 Washington Street Ketchikan, AK 99901",126 Washington Street,Ketchikan,99901,AK
Proliance Bone And Joint Urgent Care,"150 Andover Park W Tukwila, WA 98188",150 Andover Park W,Tukwila,98188,WA
Proliance Ortho Assoc Laboratory,"150 Andover Park W Tukwila, WA 98188",150 Andover Park W,Tukwila,98188,WA
Concept Therapy Harbor Square,"190 West Dayton Street Edmonds, WA 98020",190 West Dayton Street,Edmonds,98020,WA
AFWS Auburn,"200 Auburn Ave Auburn, WA 98002",200 Auburn Ave,Auburn,98002,WA
Harbors Home Health,"201 7th St Hoquiam, WA 98550",201 7th St,Hoquiam,98550,WA
Southwest Seattle ASC,"275 SW 160th St Burien, WA 98166",275 SW 160th St,Burien,98166,WA
Tacoma General Hospital IP,"315 Martin Luther King Jr Way Tacoma, WA 98405",315 Martin Luther King Jr Way,Tacoma,98405,WA
Tacoma General Hospital OP,"315 Martin Luther King Jr Way Tacoma, WA 98405",315 Martin Luther King Jr Way,Tacoma,98405,WA
Eden Home Health,"316 E Mcleod Road Bellingham, WA 98226",316 E Mcleod Road,Bellingham,98226,WA
Mary Bridge Childrens Hospital OP,"317 Martin Luther King Jr Way Tacoma, WA 98405",317 Martin Luther King Jr Way,Tacoma,98405,WA
Valley Wound Clinic,"400 S 43rd St Renton, WA 98055",400 S 43rd St,Renton,98055,WA
Valley Medical Center ER,"400 South 43rd St Renton, WA 98055",400 South 43rd St,Renton,98055,WA
Valley Medical Center IP,"400 South 43rd St Renton, WA 98055",400 South 43rd St,Renton,98055,WA
Valley Medical Ctr OP,"400 SW 43rd Renton, WA 98055",400 SW 43rd,Renton,98055,WA
Kittitas Valley Comm Home Health,"401 E Mountain View Ave Ellensburg, WA 98926",401 E Mountain View Ave,Ellensburg,98926,WA
St Mary Medical Center IP,"401 West  Poplar Walla Walla, WA 99362",401 West  Poplar,Walla Walla,99362,WA
St Mary Home Health,"401 West Poplar Walla Walla, WA 99362",401 West Poplar,Walla Walla,99362,WA
Good Samaritan Hospital ER,"407 14th Ave SE Puyallup, WA 98371",407 14th Ave SE,Puyallup,98371,WA
Good Samaritan Hospital IP,"407 14th Ave SE Puyallup, WA 98371",407 14th Ave SE,Puyallup,98371,WA
Good Samaritan Hospital OP,"407 14th Ave SE Puyallup, WA 98371",407 14th Ave SE,Puyallup,98371,WA
Advanced Post Acute,"414 17th St Se Auburn, WA 98002",414 17th St Se,Auburn,98002,WA
Swedish Providence Cherry Hill ED,"500 17th Avenue Seattle, WA 98124",500 17th Avenue,Seattle,98124,WA
Swedish Providence Cherry Hill IP,"500 17th Avenue Seattle, WA 98124",500 17th Avenue,Seattle,98124,WA
Swedish Providence Cherry Hill OP,"500 17th Avenue Seattle, WA 98124",500 17th Avenue,Seattle,98124,WA
Bellevue ENT CT Issaquah,"510 8th Ave NE Issaquah, WA 98029",510 8th Ave NE,Issaquah,98029,WA
Bellevue ENT Issaquah,"510 8th Ave NE Issaquah, WA 98029",510 8th Ave NE,Issaquah,98029,WA
Bellevue ENT Issaquah Hearing Aid Center,"510 8th Ave NE Issaquah, WA 98029",510 8th Ave NE,Issaquah,98029,WA
Lake Washington Facial Plastics,"510 8th Ave NE Issaquah, WA 98029",510 8th Ave NE,Issaquah,98029,WA
PAIC Issaquah,"510 8th Ave NE Issaquah, WA 98029",510 8th Ave NE,Issaquah,98029,WA
Proliance Highlands Surgery Center,"510 8th Ave NE Issaquah, WA 98029",510 8th Ave NE,Issaquah,98029,WA
Proliance Sports Therapy Of Issaquah,"510 8th Ave NE Issaquah, WA 98029",510 8th Ave NE,Issaquah,98029,WA
Proliance Ortho Sports Med Iss,"510 8th Ave NE Ste 200 Issaquah, WA 98029",510 8th Ave NE Ste 200,Issaquah,98029,WA
Minor And James Surgery Center,"515 Minor Ave Ste 130 Seattle, WA 98104",515 Minor Ave Ste 130,Seattle,98104,WA
Proliance Minor Ave Ste 140,"515 Minor Ave Ste 140 Seattle, WA 98104",515 Minor Ave Ste 140,Seattle,98104,WA
Proliance Minor Ave Ste 150,"515 Minor Ave Ste 150 Seattle, WA 98104",515 Minor Ave Ste 150,Seattle,98104,WA
Minor And James CT,"515 Minor Ave Ste 200 Seattle, WA 98104",515 Minor Ave Ste 200,Seattle,98104,WA
Proliance Minor Ave Ste 200,"515 Minor Ave Ste 200 Seattle, WA 98104",515 Minor Ave Ste 200,Seattle,98104,WA
OPA Minor And James,"515 Minor Ave Ste 240 Seattle, WA 98104",515 Minor Ave Ste 240,Seattle,98104,WA
Lourdes Medical Center Inpatient,"520 N 4th Ave Pasco, WA 99301",520 N 4th Ave,Pasco,99301,WA
Lourdes Medical Center Outpatient,"520 N 4th Ave Pasco, WA 99301",520 N 4th Ave,Pasco,99301,WA
Swedish Cherry Hill ER,"540 16th Ave Seattle, WA 98122",540 16th Ave,Seattle,98122,WA
Swedish Cherry Hill IP,"550 17th Ave Seattle, WA 98122",550 17th Ave,Seattle,98122,WA
Swedish Cherry Hill OP,"550 17th Ave Seattle, WA 98122",550 17th Ave,Seattle,98122,WA
Swedish Cherry Hill,"550 17th Ave Ste 500 Seattle, WA 98122",550 17th Ave Ste 500,Seattle,98122,WA
Swedish Cherry Hill Neuro Otology,"550 17th Ave Ste 540 Seattle, WA 98122",550 17th Ave Ste 540,Seattle,98122,WA
Seattle BENT,"600 Broadway Seattle, WA 98122",600 Broadway,Seattle,98122,WA
Swedish ENT,"600 Broadway Seattle, WA 98122",600 Broadway,Seattle,98122,WA
OPA Main,"601 Broadway Seattle, WA 98122",601 Broadway,Seattle,98122,WA
Swedish Orthopedic Institute IP,"601 Broadway Seattle, WA 98122",601 Broadway,Seattle,98122,WA
Swedish Orthopedic Institute OP,"601 Broadway Seattle, WA 98122",601 Broadway,Seattle,98122,WA
Swedish Main,"747 Broadway Seattle, WA 98122",747 Broadway,Seattle,98122,WA
Swedish Medical Cntr First Hill ER,"747 Broadway Seattle, WA 98122",747 Broadway,Seattle,98122,WA
Swedish Medical Cntr First Hill IP,"747 Broadway Seattle, WA 98122",747 Broadway,Seattle,98122,WA
Swedish Medical Cntr First Hill OP,"747 Broadway Seattle, WA 98122",747 Broadway,Seattle,98122,WA
Swedish Issaquah Highlands ER,"751 Ne Blakely Dr Issaquah, WA 98029",751 Ne Blakely Dr,Issaquah,98029,WA
Swedish Issaquah Highlands IP,"751 Ne Blakely Dr Issaquah, WA 98029",751 Ne Blakely Dr,Issaquah,98029,WA
Swedish Issaquah Highlands OP,"751 Ne Blakely Dr Issaquah, WA 98029",751 Ne Blakely Dr,Issaquah,98029,WA
WHSI Issaquah,"751 Ne Blakely Dr Issaquah, WA 98029",751 Ne Blakely Dr,Issaquah,98029,WA
OPA Issaquah Highlands,"751 Ne Blakely Dr Ste 4020 Issaquah, WA 98029",751 Ne Blakely Dr Ste 4020,Issaquah,98029,WA
PRO Swedish Issaquah Highlands,"751 Ne Blakely Dr Ste 4020 Issaquah, WA 98029",751 Ne Blakely Dr Ste 4020,Issaquah,98029,WA
SNS Issaquah Highlands,"751 Ne Blakely Dr Ste 4020 Issaquah, WA 98029",751 Ne Blakely Dr Ste 4020,Issaquah,98029,WA
OPA Sequim,"777 N 5th Ave Sequim, WA 98382",777 N 5th Ave,Sequim,98382,WA
Sequim EDOC,"777 N 5th Ave Sequim, WA 98382",777 N 5th Ave,Sequim,98382,WA
Okanogan Regional H H H,"800 South Jasmine Omak, WA 98841",800 South Jasmine,Omak,98841,WA
OPA Broadway,"801 Broadway Ste 617 Seattle, WA 98122",801 Broadway Ste 617,Seattle,98122,WA
Seattle Neuro And Spine Surgery,"801 Broadway Ste 617 Seattle, WA 98122",801 Broadway Ste 617,Seattle,98122,WA
Ballard Care,"820 Nw 95th St Seattle, WA 98117",820 Nw 95th St,Seattle,98117,WA
JGH Home Health,"834 Sheridan Street Port Townsend, WA 98368",834 Sheridan Street,Port Townsend,98368,WA
Kadlec Medical Center Emergency,"888 Swift Blvd Richland, WA 99352",888 Swift Blvd,Richland,99352,WA
Kadlec Medical Center Inpatient,"888 Swift Blvd Richland, WA 99352",888 Swift Blvd,Richland,99352,WA
Kadlec Medical Center Outpatient,"888 Swift Blvd Richland, WA 99352",888 Swift Blvd,Richland,99352,WA
Assured Home Health Renton,"900 SW 16TH ST Renton, WA 98057",900 SW 16TH ST,Renton,98057,WA
Seattle Surgery Cntr Columbus Pavillion,"900 Terry Ave 4th Floor Seattle, WA 98104",900 Terry Ave 4th Floor,Seattle,98104,WA
OPA MRI,"900 Terry Suite 100 Seattle, WA 98104",900 Terry Suite 100,Seattle,98104,WA
ProOrtho OIL Cabrini,"901 Boren Ave Ste 900 Seattle, WA 98104",901 Boren Ave Ste 900,Seattle,98104,WA
Alpha Nursing And Services,"909 SE Everett Mall Way Everett, WA 98208",909 SE Everett Mall Way,Everett,98208,WA
Providence Pacifc,"916 Pacific Ave Everett, WA 98201",916 Pacific Ave,Everett,98201,WA
Pacific Regent,"919 109th Ave NE Bellevue, WA 98004",919 109th Ave NE,Bellevue,98004,WA
Rainier Rehab,"920 12th Ave Se Puyallup, WA 98372",920 12th Ave Se,Puyallup,98372,WA
Virginia Mason Hospital,"925 Seneca St Seattle, WA 98101",925 Seneca St,Seattle,98101,WA
PSSE Richland,"948 Stevens Drive Suite A Richland, WA 99352",948 Stevens Drive Suite A,Richland,99352,WA
SNO 20th St,"1017 20th St Anacortes, WA 98221",1017 20th St,Anacortes,98221,WA
SNO PT 20th St,"1017 20th St Anacortes, WA 98221",1017 20th St,Anacortes,98221,WA
Mill Creek Family Practice,"1025 153rd St SE Ste 200 Mill Creek, WA 98012",1025 153rd St SE Ste 200,Mill Creek,98012,WA
Overlake Hospital,"1035 116th Avenue NE Bellevue, WA 98004",1035 116th Avenue NE,Bellevue,98004,WA
Overlake Medical Center IP,"1035 116th Avenue NE Bellevue, WA 98004",1035 116th Avenue NE,Bellevue,98004,WA
Overlake Medical Center OP,"1035 116th Avenue NE Bellevue, WA 98004",1035 116th Avenue NE,Bellevue,98004,WA
Tri-City Regional Surgery Center,"1096 Goethals Dr Richland, WA 99352",1096 Goethals Dr,Richland,99352,WA
Virginia Mason Inpatient,"1100 9th Ave Seattle, WA 98101",1100 9th Ave,Seattle,98101,WA
Virginia Mason Outpatient,"1100 9th Ave Seattle, WA 98101",1100 9th Ave,Seattle,98101,WA
Elite Home Health And Hospice,"1100 Highland Ave Clarkston, WA 99403",1100 Highland Ave,Clarkston,99403,WA
Everett ASC,"1100 Pacific Ave Everett, WA 98201",1100 Pacific Ave,Everett,98201,WA
Everett Bone And Joint,"1100 Pacific Ave Suite 300 Everett, WA 98201",1100 Pacific Ave Suite 300,Everett,98201,WA
Everett Orthopedic Surgery Center,"1100 Pacific Avenue Everett, WA 98201",1100 Pacific Avenue,Everett,98201,WA
Everett MRI,"1100 Pacific Everett, WA 98201",1100 Pacific,Everett,98201,WA
First Hill Surgery Center,"1101 Madison St Seattle, WA 98104",1101 Madison St,Seattle,98104,WA
Swedish First Hill Pediatric Specialist,"1101 Madison St Seattle, WA 98104",1101 Madison St,Seattle,98104,WA
Tacoma Ambulatory Surgery Ctr,"1112 6th Ave Tacoma, WA 98405",1112 6th Ave,Tacoma,98405,WA
Overlake Surgery Center,"1135 116th Ave NE Bellevue, WA 98004",1135 116th Ave NE,Bellevue,98004,WA
Proliance Ortho Sports Med Tower,"1135 116th Ave NE Suite 510 Bellevue, WA 98004",1135 116th Ave NE Suite 510,Bellevue,98004,WA
Proliance Sports Therapy Of Bellevue,"1200 112th Ave NE Bellevue, WA 98004",1200 112th Ave NE,Bellevue,98004,WA
Island Hospital IP OR,"1211 24th Anacortes, WA 98221",1211 24th,Anacortes,98221,WA
Island Hospital OP OR,"1211 24th Anacortes, WA 98221",1211 24th,Anacortes,98221,WA
Island Hospital Home Health,"1211 24th St Anacortes, WA 98221",1211 24th St,Anacortes,98221,WA
Proliance Sports Therapy Of Bellevue Pav,"1231 116TH AVE NE Bellevue, WA 98004",1231 116TH AVE NE,Bellevue,98004,WA
LWFP - Bellevue,"1231 116th Ave NE Bellevue, WA 98004",1231 116th Ave NE,Bellevue,98004,WA
Proliance Eastside Surgical Specialists,"1231 116th Ave NE Bellevue, WA 98004",1231 116th Ave NE,Bellevue,98004,WA
Bellevue CT,"1231 116th Ave Ne Bellevue, WA 98004",1231 116th Ave Ne,Bellevue,98004,WA
Bellevue ENT,"1231 116th Ave Ne Bellevue, WA 98004",1231 116th Ave Ne,Bellevue,98004,WA
Bellevue Hearing Aid Center,"1231 116th Ave Ne Bellevue, WA 98004",1231 116th Ave Ne,Bellevue,98004,WA
Proliance Ortho Sports Med Pavilion,"1231 116th Ave Ne Ste 750 Bellevue, WA 98004",1231 116th Ave Ne Ste 750,Bellevue,98004,WA
Eastside Surgery Center,"1301 4th Ave Nw Ste 201 Issaquah, WA 98027",1301 4th Ave Nw Ste 201,Issaquah,98027,WA
Eastside Endoscopy Center Issaquah,"1301 4th Avenue NW Ste 301 Issaquah, WA 98027",1301 4th Avenue NW Ste 301,Issaquah,98027,WA
Heaston And Thompson Vision Clinic,"1321 Aaron DR Richland, WA 99352",1321 Aaron DR,Richland,99352,WA
Providence General Medical Center IP,"1321 Colby Ave Everett, WA 98201",1321 Colby Ave,Everett,98201,WA
Providence General Medical Center OP,"1321 Colby Ave Everett, WA 98201",1321 Colby Ave,Everett,98201,WA
Skagit Northwest PT And OT,"1401 South LaVenture Mount Vernon, WA 98274",1401 South LaVenture,Mount Vernon,98274,WA
SNO ASC LaVenture,"1401 South LaVenture Mount Vernon, WA 98274",1401 South LaVenture,Mount Vernon,98274,WA
SNO LaVenture,"1401 South LaVenture Mount Vernon, WA 98274",1401 South LaVenture,Mount Vernon,98274,WA
Skagit Valley Hospital IP,"1415 E Kincaid Mount Vernon, WA 98274",1415 E Kincaid,Mount Vernon,98274,WA
Skagit Valley Hospital OP,"1415 E Kincaid Mount Vernon, WA 98274",1415 E Kincaid,Mount Vernon,98274,WA
Therapy Solutions,"1455 Columbia Park Trail Richland, WA 99352",1455 Columbia Park Trail,Richland,99352,WA
SNO ASC Continental,"1500 Continental Pl Mount Vernon, WA 98273",1500 Continental Pl,Mount Vernon,98273,WA
SNO CONT MRI,"1500 Continental Pl Mount Vernon, WA 98273",1500 Continental Pl,Mount Vernon,98273,WA
SNO Continental,"1500 Continental Pl Mount Vernon, WA 98273",1500 Continental Pl,Mount Vernon,98273,WA
SNO PT Continental,"1500 Continental Pl Mount Vernon, WA 98273",1500 Continental Pl,Mount Vernon,98273,WA
Northwest Hospital Facility,"1550 N 115th St Seattle, WA 98133",1550 N 115th St,Seattle,98133,WA
Northwest Hospital IP,"1550 N 115th St Seattle, WA 98133",1550 N 115th St,Seattle,98133,WA
Northwest Hospital OP,"1550 N 115th St Seattle, WA 98133",1550 N 115th St,Seattle,98133,WA
University Of Washington Northwest Fac,"1550 N 115th St Seattle, WA 98133",1550 N 115th St,Seattle,98133,WA
University Of Washington Northwest IP,"1550 N 115th St Seattle, WA 98133",1550 N 115th St,Seattle,98133,WA
University Of Washington Northwest OP,"1550 N 115th St Seattle, WA 98133",1550 N 115th St,Seattle,98133,WA
OPA Cherry Hill,"1600 E. Jefferson Tower Seattle, WA 98122",1600 E. Jefferson Tower,Seattle,98122,WA
Proliance Ortho Assoc Lakeland Hills,"1620 Lake Tapps Parkway SE Auburn, WA 98092",1620 Lake Tapps Parkway SE,Auburn,98092,WA
SSO HSDC,"1625 19th Ave Seattle, WA 98122",1625 19th Ave,Seattle,98122,WA
Veterans Administration Seattle,"1660 S Columbian Way Seattle, WA 98108",1660 S Columbian Way,Seattle,98108,WA
St Joseph Hospital IP,"1717 S J Street Tacoma, WA 98405",1717 S J Street,Tacoma,98405,WA
St Joseph Hospital OP,"1717 S J Street Tacoma, WA 98405",1717 S J Street,Tacoma,98405,WA
Intrepid USA Healthcare Services,"1718 W Broadway Spokane, WA 99201",1718 W Broadway,Spokane,99201,WA
Puget Sound Imaging,"1724 W Union Tacoma, WA 98405",1724 W Union,Tacoma,98405,WA
Puget Sound Orthopaedic Tacoma,"1724 W Union Tacoma, WA 98405",1724 W Union,Tacoma,98405,WA
The Retina Surgery Center,"1750 112th Ave NE Bellevue, WA 98004",1750 112th Ave NE,Bellevue,98004,WA
Proliance Eastside ENT Bell CT,"1800 116th Ave NE Bellevue, WA 98004",1800 116th Ave NE,Bellevue,98004,WA
Proliance Eastside ENT Bellevue,"1800 116th Ave NE Bellevue, WA 98004",1800 116th Ave NE,Bellevue,98004,WA
WHSB Bellevue,"1810 116th Ave Ne Ste D4 Bellevue, WA 98004",1810 116th Ave Ne Ste D4,Bellevue,98004,WA
Envision Home Health of Washington LLC,"1818 S Union Street Tacoma, WA 98405",1818 S Union Street,Tacoma,98405,WA
Allenmore Hospital IP,"1901 S Union Tacoma, WA 98405",1901 S Union,Tacoma,98405,WA
Allenmore Hospital OP,"1901 S Union Tacoma, WA 98405",1901 S Union,Tacoma,98405,WA
University Of Washington Medical Center,"1959 NE Pacific St Seattle, WA 98195",1959 NE Pacific St,Seattle,98195,WA
Swedish Issaquah Office Loc,"2005 NW Sammamish RD Issaquah, WA 98027",2005 NW Sammamish RD,Issaquah,98027,WA
OPA Issaquah,"2005 NW Sammamish Road Issaquah, WA 98027",2005 NW Sammamish Road,Issaquah,98027,WA
Bellingham Ambulatory Surgery Center,"2075 Barkley Blvd Ste 101 Bellingham, WA 98226",2075 Barkley Blvd Ste 101,Bellingham,98226,WA
Assured Home Health Olympia,"2102 Carriage Dr Sw Olympia, WA 98502",2102 Carriage Dr Sw,Olympia,98502,WA
Wallingford Edmonds Ortho Center,"2409 N 45TH ST Seattle, WA 98103",2409 N 45TH ST,Seattle,98103,WA
Seattle Orthopedic Center,"2409 N 45th St Seattle, WA 98103",2409 N 45th St,Seattle,98103,WA
Seattle Orthopedic Center OPA,"2409 N 45th St Seattle, WA 98103",2409 N 45th St,Seattle,98103,WA
Seattle Orthopedic Center PT,"2409 N 45th St Seattle, WA 98103",2409 N 45th St,Seattle,98103,WA
Seattle Orthopedic Cntr,"2409 N 45th St Seattle, WA 98103",2409 N 45th St,Seattle,98103,WA
Seattle Orthopedic Surgery Center,"2409 N 45th St Seattle, WA 98103",2409 N 45th St,Seattle,98103,WA
Seattle Orthopedic Center MRI,"2409 N 45th Street Seattle, WA 98103",2409 N 45th Street,Seattle,98103,WA
Careage Home Health Agency,"2424 156th Ave Ne Bellevue, WA 98007",2424 156th Ave Ne,Bellevue,98007,WA
SNO Commercial,"2720 Commercial Ave Anacortes, WA 98221",2720 Commercial Ave,Anacortes,98221,WA
PSO Gig Harbor 2727,"2727 Hollycroft St Gig Harbor, WA 98335",2727 Hollycroft St,Gig Harbor,98335,WA
Providence HS And HC Sno,"2731 Wetmore Ave Everett, WA 98201",2731 Wetmore Ave,Everett,98201,WA
Providence Home Health Svrs,"2811 South 102nd Street Tukwila, WA 98168",2811 South 102nd Street,Tukwila,98168,WA
Shoreline Health Rehab,"2818 Ne 145th St Shoreline, WA 98155",2818 Ne 145th St,Shoreline,98155,WA
PeaceHealth SJMC IP,"2901 Squalicum Pkwy Bellingham, WA 98225",2901 Squalicum Pkwy,Bellingham,98225,WA
PeaceHealth SJMC OP,"2901 Squalicum Pkwy Bellingham, WA 98225",2901 Squalicum Pkwy,Bellingham,98225,WA
Pacific Rim Orthopaedic Surgeons,"2979 Squalicum Parkway Suite 203 Bellingham, WA 98225",2979 Squalicum Parkway Suite 203,Bellingham,98225,WA
PROS Walk In,"2979 Squalicum Parkway Suite 203 Bellingham, WA 98225",2979 Squalicum Parkway Suite 203,Bellingham,98225,WA
Pacific Rim OP Surgery Center PROSC,"3009 Squalicum Pkwy Bellingham, WA 98225",3009 Squalicum Pkwy,Bellingham,98225,WA
STRB PT,"3101 Northup Way Ste 101 Bellevue, WA 98004",3101 Northup Way Ste 101,Bellevue,98004,WA
PAIC Bellevue,"3101 Northup Way Ste 102 Bellevue, WA 98004",3101 Northup Way Ste 102,Bellevue,98004,WA
POSM 201,"3101 Northup Way Ste 201 Bellevue, WA 98004",3101 Northup Way Ste 201,Bellevue,98004,WA
STRB OT,"3101 Northup Way Ste 301 Bellevue, WA 98004",3101 Northup Way Ste 301,Bellevue,98004,WA
Everett MRI Center,"3102 Colby Ave Everett, WA 98201",3102 Colby Ave,Everett,98201,WA
OPA Laurelhurst,"3216 Ne 45th Place Seattle, WA 98105",3216 Ne 45th Place,Seattle,98105,WA
Rehabilitation Sports and Spine Everett,"3216 Norton Ave Everett, WA 98201",3216 Norton Ave,Everett,98201,WA
Manor Care Gig Harbor,"3309 45th St Ct Nw Gig Harbor, WA 98335",3309 45th St Ct Nw,Gig Harbor,98335,WA
OPA West Seattle,"3400 California Ave SW Seattle, WA 98116",3400 California Ave SW,Seattle,98116,WA
Proliance Ortho Occupational Health Svrs,"3600 Lind Ave Sw Renton, WA 98057",3600 Lind Ave Sw,Renton,98057,WA
OPA West Seattle Alaska St,"3623 SW Alaska Street Seattle, WA 98126",3623 SW Alaska Street,Seattle,98126,WA
PSHCH Pierce County,"3630 S Cedar St Tacoma, WA 98409",3630 S Cedar St,Tacoma,98409,WA
ProSports Imaging NW,"3801 5th St SE Puyallup, WA 98374",3801 5th St SE,Puyallup,98374,WA
Rainier Orthopedic Institute Puyallup,"3801 5th St SE Puyallup, WA 98374",3801 5th St SE,Puyallup,98374,WA
The Surgery Center At Rainier,"3801 5th St SE Puyallup, WA 98374",3801 5th St SE,Puyallup,98374,WA
Trios Inpatient,"3810 Plaza Way Kennewick, WA 99338",3810 Plaza Way,Kennewick,99338,WA
Trios Outpatient,"3810 Plaza Way Kennewick, WA 99338",3810 Plaza Way,Kennewick,99338,WA
Good Samaritan Home Health,"3901 South Fife St Tacoma, WA 98409",3901 South Fife St,Tacoma,98409,WA
Mountainview Vision Therapy,"3909 Creekside Loop Yakima, WA 98902",3909 Creekside Loop,Yakima,98902,WA
Proliance Surgery Center At Valley,"4009 Talbot Road S Ste 200 Renton, WA 98055",4009 Talbot Road S Ste 200,Renton,98055,WA
Proliance Ortho Associates,"4011 Talbot Rd S Renton, WA 98055",4011 Talbot Rd S,Renton,98055,WA
Valley Ortho Assoc Bone Density,"4011 Talbot Rd S Suite 300 Renton, WA 98055",4011 Talbot Rd S Suite 300,Renton,98055,WA
Proliance Ortho Ambulatory Surgery Ctr,"4033 Talbot Rd S Renton, WA 98055",4033 Talbot Rd S,Renton,98055,WA
South Seattle Otolaryngology Renton,"4033 Talbot Rd Ste 230 Renton, WA 98055",4033 Talbot Rd Ste 230,Renton,98055,WA
Proliance Ortho Assoc ASC,"4033 Talbot Rd Suite 270 Renton, WA 98055",4033 Talbot Rd Suite 270,Renton,98055,WA
Ortho Specialists/Valley Sports Med POA,"4361 Talbot Rd South Renton, WA 98055",4361 Talbot Rd South,Renton,98055,WA
NW Pain Management Associates Marysville,"4404 80th St NE Marysville, WA 98270",4404 80th St NE,Marysville,98270,WA
Gig Harbor Surgery Center MC,"4545 Point Fosdick Dr NW Gig Harbor, WA 98335",4545 Point Fosdick Dr NW,Gig Harbor,98335,WA
Sand Point Way Medical Center OP,"4575 Sand Point Way NE Seattle, WA 98105",4575 Sand Point Way NE,Seattle,98105,WA
Seattle Childrens Pulmonary,"4800 Sand Point Way NE Seattle, WA 98105",4800 Sand Point Way NE,Seattle,98105,WA
Swedish Ballard ER,"5300 Tallman Ave Nw Seattle, WA 98107",5300 Tallman Ave Nw,Seattle,98107,WA
Swedish Ballard IP,"5300 Tallman Ave Nw Seattle, WA 98107",5300 Tallman Ave Nw,Seattle,98107,WA
Swedish Ballard OP,"5300 Tallman Ave Nw Seattle, WA 98107",5300 Tallman Ave Nw,Seattle,98107,WA
Swedish Medical Center Ballard,"5300 Tallman Ave Nw Seattle, WA 98107",5300 Tallman Ave Nw,Seattle,98107,WA
Orthopedic Specialists of Seattle,"5350 Tallman Ave NW Seattle, WA 98107",5350 Tallman Ave NW,Seattle,98107,WA
Swedish Ballard Primary Care,"5350 Tallman Ave NW Ste 301 Seattle, WA 98107",5350 Tallman Ave NW Ste 301,Seattle,98107,WA
Kline Galland Home Health,"5950 6th Ave S Seattle, WA 98108",5950 6th Ave S,Seattle,98108,WA
Gig Harbor Surgery Center FHS,"6401 Kimball Drive Gig Harbor, WA 98335",6401 Kimball Drive,Gig Harbor,98335,WA
Providence Home Health,"6410 Ne Halsey St Portland, OR 97213",6410 Ne Halsey St,Portland,97213,OR
Issaquah Surgery Center,"6505 226th PL SE Issaquah, WA 98027",6505 226th PL SE,Issaquah,98027,WA
Proliance Ctr For OP Spine And Joint Srg,"6808 220th St Sw Ste 100 Mountlake Terrace, WA 98043",6808 220th St Sw Ste 100,Mountlake Terrace,98043,WA
North Puget Sound MRI,"6808 220th St SW Ste 105 Mountlake Terrace, WA 98043",6808 220th St SW Ste 105,Mountlake Terrace,98043,WA
EDOC MLT,"6808 220th St SW Ste 200 Mountlake Terrace, WA 98043",6808 220th St SW Ste 200,Mountlake Terrace,98043,WA
EDOT MLT,"6808 220th St SW Ste 200 Mountlake Terrace, WA 98043",6808 220th St SW Ste 200,Mountlake Terrace,98043,WA
Rehabilitation Sports and Spine MLT,"6808 220th St SW Ste 200 Mountlake Terrace, WA 98043",6808 220th St SW Ste 200,Mountlake Terrace,98043,WA
NW Pain Management Associates MLT,"6808 220th St SW Ste 201 Mountlake Terrace, WA 98043",6808 220th St SW Ste 201,Mountlake Terrace,98043,WA
Three Rivers ENT Kennewick,"7105 West Hood Place Kennewick, WA 99336",7105 West Hood Place,Kennewick,99336,WA
Puget Sound Ortho CDI Xray,"7308 Bridgeport Way Lakewood, WA 98499",7308 Bridgeport Way,Lakewood,98499,WA
Puget Sound Orthopaedics Lakewood,"7308 Bridgeport Way Lakewood, WA 98499",7308 Bridgeport Way,Lakewood,98499,WA
Lakewood Surgery Center,"7308 Bridgeport Way W Lakewood, WA 98499",7308 Bridgeport Way W,Lakewood,98499,WA
PSSE Edmonds,"7315 212th St SW Ste 201 Edmonds, WA 98026",7315 212th St SW Ste 201,Edmonds,98026,WA
Ankle And Foot Of Edmonds,"7320 216th St SW Edmonds, WA 98026",7320 216th St SW,Edmonds,98026,WA
Edmonds Ctr For Outpatient Surgery,"7320 216th St SW Edmonds, WA 98026",7320 216th St SW,Edmonds,98026,WA
Edmonds Orthopedic Center,"7320 216th St SW Edmonds, WA 98026",7320 216th St SW,Edmonds,98026,WA
Edmonds Orthopedic MRI,"7320 216th St SW Edmonds, WA 98026",7320 216th St SW,Edmonds,98026,WA
Edmonds Orthopedic Therapy,"7320 216th St SW Edmonds, WA 98026",7320 216th St SW,Edmonds,98026,WA
Rehabilitation Sports and Spine Edmonds,"7320 216th St SW Edmonds, WA 98026",7320 216th St SW,Edmonds,98026,WA
Proliance Ortho Assoc MRI,"8009 S 180th Suite 105 Kent, WA 98032",8009 S 180th Suite 105,Kent,98032,WA
Proliance Eastside ENT Redmond,"8301 161st Ave NE Redmond, WA 98052",8301 161st Ave NE,Redmond,98052,WA
Proliance Eastside ENT Redmond CT,"8301 161st Ave NE Redmond, WA 98052",8301 161st Ave NE,Redmond,98052,WA
Snoqualmie Valley Hospital,"9575 Ethan Wade Way SE Snoqualmie, WA 98065",9575 Ethan Wade Way SE,Snoqualmie,98065,WA
Northwest Orthopedic Clinic,"9730 3rd Ave Ne Seattle, WA 98115",9730 3rd Ave Ne,Seattle,98115,WA
Northwest Outpatient Medical Center,"10330 Meridian Ave N Seattle, WA 98133",10330 Meridian Ave N,Seattle,98133,WA
Kindred At Home-Bellevue,"10940 NE 33rd PL Bellevue, WA 98004",10940 NE 33rd PL,Bellevue,98004,WA
Gentiva Health Services Bellevue,"10940 Ne 33rd Pl Bellevue, WA 98004",10940 Ne 33rd Pl,Bellevue,98004,WA
St Clare Hospital IP,"11315 Bridgeport Way SW Lakewood, WA 98499",11315 Bridgeport Way SW,Lakewood,98499,WA
St Clare Hospital OP,"11315 Bridgeport Way SW Lakewood, WA 98499",11315 Bridgeport Way SW,Lakewood,98499,WA
St Anthony Hospital IP,"11567 Canterwood Blvd NW Gig Harbor, WA 98332",11567 Canterwood Blvd NW,Gig Harbor,98332,WA
St Anthony Hospital OP,"11567 Canterwood Blvd NW Gig Harbor, WA 98332",11567 Canterwood Blvd NW,Gig Harbor,98332,WA
Evergreen Home Health Care,"11800 Ne 128th St Kirkland, WA 98034",11800 Ne 128th St,Kirkland,98034,WA
WHECC Bothell,"11801 NE 160th St Ste D Bothell, WA 98011",11801 NE 160th St Ste D,Bothell,98011,WA
Rainier Medical Imaging Center,"11811 NE 128th St Kirkland, WA 98034",11811 NE 128th St,Kirkland,98034,WA
Evergreen Medical Center IP,"12040 NE 128th St Kirkland, WA 98034",12040 NE 128th St,Kirkland,98034,WA
Evergreen Medical Center OP,"12040 NE 128th St Kirkland, WA 98034",12040 NE 128th St,Kirkland,98034,WA
Evergreen Medical Ctr,"12040 NE 128th St Kirkland, WA 98034",12040 NE 128th St,Kirkland,98034,WA
ProOrtho OIL Kirkland,"12333 Ne 130th Lane Ste 400 Kirkland, WA 98034",12333 Ne 130th Lane Ste 400,Kirkland,98034,WA
Proliance Eastside ENT Kirk CT,"12333 Ne 130th Lane Ste 440 Kirkland, WA 98034",12333 Ne 130th Lane Ste 440,Kirkland,98034,WA
Proliance Eastside ENT Kirkland,"12333 Ne 130th Lane Ste 440 Kirkland, WA 98034",12333 Ne 130th Lane Ste 440,Kirkland,98034,WA
Evergeen Surgical Center,"12333 NE 130th Lane Suite 420 Kirkland, WA 98034",12333 NE 130th Lane Suite 420,Kirkland,98034,WA
Evergreen Surgical Clinic ASC,"12333 NE 130th Lane Suite 420 Kirkland, WA 98034",12333 NE 130th Lane Suite 420,Kirkland,98034,WA
Evergreen Surgical Center,"12333 NE 130th Lane Suite 500 Kirkland, WA 98034",12333 NE 130th Lane Suite 500,Kirkland,98034,WA
Proliance Eastside Surgery Ctr,"12911 120th Ave NE Kirkland, WA 98034",12911 120th Ave NE,Kirkland,98034,WA
WhsK Kirkland,"12911 120th Ave NE Ste H10 Kirkland, WA 98034",12911 120th Ave NE Ste H10,Kirkland,98034,WA
WhsK Kirkland H220,"12911 120th Ave NE Ste H220 Kirkland, WA 98034",12911 120th Ave NE Ste H220,Kirkland,98034,WA
Proliance Eastside Surgery Center,"12911 120th Ave NE Suite H110 Kirkland, WA 98034",12911 120th Ave NE Suite H110,Kirkland,98034,WA
Proliance Eastside MRI,"12911 120th Ave NE Suite H120 Kirkland, WA 98034",12911 120th Ave NE Suite H120,Kirkland,98034,WA
ProOrtho,"12911 120th Ave NE Suite H210 Kirkland, WA 98034",12911 120th Ave NE Suite H210,Kirkland,98034,WA
Puget Sound ENT Mill Creek,"13020 Meridian Ave S Everett, WA 98208",13020 Meridian Ave S,Everett,98208,WA
Swedish Millcreek,"13020 Meridian Ave S Everett, WA 98208",13020 Meridian Ave S,Everett,98208,WA
Swedish Millcreek ER,"13020 Meridian Ave S Everett, WA 98208",13020 Meridian Ave S,Everett,98208,WA
EvergreenHealth Monroe IP,"14701 179th Ave SE Monroe, WA 98272",14701 179th Ave SE,Monroe,98272,WA
Valley General Hospital IP,"14701 179th SE Monroe, WA 98272",14701 179th SE,Monroe,98272,WA
Valley General Hospital Monroe OP,"14701 179th SE Monroe, WA 98272",14701 179th SE,Monroe,98272,WA
Providence Monroe,"14841 179th Ave SE Monroe, WA 98272",14841 179th Ave SE,Monroe,98272,WA
ProOrtho Monroe,"14841 179th Avenue SE Monroe, WA 98272",14841 179th Avenue SE,Monroe,98272,WA
Concept Therapy Mill Creek,"15808 Mill Creek Blvd Mill Creek, WA 98012",15808 Mill Creek Blvd,Mill Creek,98012,WA
Highline Medical Center ER,"16251 Sylvester Road SW Burien, WA 98166",16251 Sylvester Road SW,Burien,98166,WA
Highline Medical Center IP,"16251 Sylvester Road SW Burien, WA 98166",16251 Sylvester Road SW,Burien,98166,WA
Highline Medical Center OP,"16251 Sylvester Road SW Burien, WA 98166",16251 Sylvester Road SW,Burien,98166,WA
Proliance Southwest Seattle Orthopedics,"16259 Sylvester Rd SW Burien, WA 98166",16259 Sylvester Rd SW,Burien,98166,WA
South Seattle Otolaryngology Seattle,"16259 Sylvester Rd SW Seattle, WA 98166",16259 Sylvester Rd SW,Seattle,98166,WA
Concept Therapy Lynnwood,"16527 Alderwood Mall Parkway Lynnwood, WA 98037",16527 Alderwood Mall Parkway,Lynnwood,98037,WA
The Children and Family Eye Doctors,"17130 Avondale Way Redmond, WA 98052",17130 Avondale Way,Redmond,98052,WA
Valley Medical Center Day Surgery,"17820 Talbot Rd S Renton, WA 98055",17820 Talbot Rd S,Renton,98055,WA
Plastic And Reconstructive Surgeons,"17930 Talbot Road South Renton, WA 98055",17930 Talbot Road South,Renton,98055,WA
Plastic And Reconstructive Surgeons ASC,"17930 Talbot Road South Renton, WA 98055",17930 Talbot Road South,Renton,98055,WA
WHSR Redmond,"18100 NE Union Hill Rd Floor 2 Redmond, WA 98052",18100 NE Union Hill Rd Floor 2,Redmond,98052,WA
Swedish Medical Center Redmond,"18100 NE Union Hill Rd Redmond, WA 98052",18100 NE Union Hill Rd,Redmond,98052,WA
Redmond Ambulatory Surgery Center,"18100 NE Union Hill Rd Ste 340 Redmond, WA 98052",18100 NE Union Hill Rd Ste 340,Redmond,98052,WA
ProOrtho Swedish Redmond,"18100 Union Hill Road Ne Redmond, WA 98052",18100 Union Hill Road Ne,Redmond,98052,WA
Concept Therapy Alderwood,"19031 33rd Ave Ste 102 Lynnwood, WA 98036",19031 33rd Ave Ste 102,Lynnwood,98036,WA
Everett Bone And Joint Monroe,"19200 N Kelsey St Monroe, WA 98272",19200 N Kelsey St,Monroe,98272,WA
SNS Poulsbo,"20700 Bond Road NE BLGD B Ste 103 Poulsbo, WA 98370",20700 Bond Road NE BLGD B Ste 103,Poulsbo,98370,WA
OPA Poulsbo,"20700 Bond Road NE Poulsbo, WA 98370",20700 Bond Road NE,Poulsbo,98370,WA
Poulsbo EDOC,"20700 Bond Road NE Poulsbo, WA 98370",20700 Bond Road NE,Poulsbo,98370,WA
Rainier Orthopedic Institute Bonney Lake,"20920 SR 410 E Bonney Lake, WA 98391",20920 SR 410 E,Bonney Lake,98391,WA
Swedish Edmonds ER,"21601 76th Ave W Edmonds, WA 98026",21601 76th Ave W,Edmonds,98026,WA
Stevens Hospital IP,"21601 76th Ave West Edmonds, WA 98026",21601 76th Ave West,Edmonds,98026,WA
Stevens Hospital OP,"21601 76th Ave West Edmonds, WA 98026",21601 76th Ave West,Edmonds,98026,WA
Swedish Edmonds IP,"21601 76th Ave West Edmonds, WA 98026",21601 76th Ave West,Edmonds,98026,WA
Swedish Edmonds OP,"21601 76th Ave West Edmonds, WA 98026",21601 76th Ave West,Edmonds,98026,WA
Puget Sound ENT Allergy Center,"21911 76th Ave W Ste 202 Edmonds, WA 98026",21911 76th Ave W Ste 202,Edmonds,98026,WA
Puget Sound Ear Nose And Throat,"21911 76th Ave W Ste 211 Edmonds, WA 98026",21911 76th Ave W Ste 211,Edmonds,98026,WA
Puget Sound ENT CT,"21911 76th Ave W Ste 211 Edmonds, WA 98026",21911 76th Ave W Ste 211,Edmonds,98026,WA
Plastic And Rec Surg Maple Valley,"23925 255th Way SE Maple Valley, WA 98038",23925 255th Way SE,Maple Valley,98038,WA
Proliance Ortho Assoc Maple Valley,"24060 Se Kent Kangley Road Maple Valley, WA 98038",24060 Se Kent Kangley Road,Maple Valley,98038,WA
Proliance Ortho Assoc Covington,"27005 168th Place SE Ste 201 Covington, WA 98042",27005 168th Place SE Ste 201,Covington,98042,WA
Proliance Ortho Assoc Covington 3,"27005 168th Place SE Ste 201 Covington, WA 98042",27005 168th Place SE Ste 201,Covington,98042,WA
Proliance Ortho MRI Cov,"27005 168th Place SE Ste 301 Covington, WA 98042",27005 168th Place SE Ste 301,Covington,98042,WA
Life Care At Home Of Washington,"33600 6th Ave S Federal Way, WA 98003",33600 6th Ave S,Federal Way,98003,WA
Signature Home Health,"33710 9th Ave S Federal Way, WA 98003",33710 9th Ave S,Federal Way,98003,WA
St Francis Hospital IP,"34503 9th Ave S Federal Way, WA 98003",34503 9th Ave S,Federal Way,98003,WA
St Francis Hospital OP,"34503 9th Ave S Federal Way, WA 98003",34503 9th Ave S,Federal Way,98003,WA
OPA Snoqualmie,"37624 Se Fury St Snoqualmie, WA 98065",37624 Se Fury St,Snoqualmie,98065,WA
